{"loss": [0.744090735912323], "accuracy": [0.7213432192802429], "val_loss": [0.46970877051353455], "val_accuracy": [0.7040718793869019]}