{"loss": [0.33056721091270447], "accuracy": [0.8539956212043762], "val_loss": [0.3136288523674011], "val_accuracy": [0.8766965866088867], "lr": [