{"loss": [0.3101223111152649], "accuracy": [0.8603377938270569], "val_loss": [0.8500093817710876], "val_accuracy": [0.620531439781189]}