{"loss": [1.075078010559082], "accuracy": [0.5990386605262756], "val_loss": [1.3074995279312134], "val_accuracy": [0.4293633997440338]}