{"loss": [0.892412006855011], "accuracy": [0.5989051461219788], "val_loss": [1.1059762239456177], "val_accuracy": [0.42898106575012207]}