{"loss": [0.6411247849464417], "accuracy": [0.7614660263061523], "val_loss": [0.6307535767555237], "val_accuracy": [0.6119288802146912]}