{"loss": [0.32173821330070496], "accuracy": [0.8589358329772949], "val_loss": [0.2808857858181], "val_accuracy": [0.909577488899231], "lr": [