{"loss": [0.23735345900058746], "accuracy": [0.8879097700119019], "val_loss": [0.38685163855552673], "val_accuracy": [0.8218314051628113]}