{"loss": [0.2937390208244324], "accuracy": [0.876026451587677], "val_loss": [0.346001535654068], "val_accuracy": [0.8443892002105713]}