{"loss": [0.5479663014411926], "accuracy": [0.8068629503250122], "val_loss": [0.6637859344482422], "val_accuracy": [0.6214872598648071]}