{"loss": [0.27761074900627136], "accuracy": [0.8706188797950745], "val_loss": [0.3331277370452881], "val_accuracy": [0.8810935020446777]}